2021/02/17 0,116.230.177.246, Area:上海市杨浦区  Local:电信,ap-northeast-2.console.aws.amazon.com
2021/02/17 0,116.230.177.246, Area:上海市杨浦区  Local:电信,52.80.98.236
2021/02/17 0,116.230.177.246, Area:上海市杨浦区  Local:电信,52.80.98.236
2021/02/17 0,116.230.177.246, Area:上海市杨浦区  Local:电信,ap-northeast-1.lightsail.aws.amazon.com
2021/02/17 0,116.230.177.246, Area:上海市杨浦区  Local:电信,ap-northeast-2.console.aws.amazon.com
2021/02/17 0,116.230.177.246, Area:上海市杨浦区  Local:电信,ap-northeast-2.lightsail.aws.amazon.com
2021/02/17 0,116.230.177.246, Area:上海市杨浦区  Local:电信,ap-northeast-2.console.aws.amazon.com
2021/02/17 0,116.230.177.246, Area:上海市杨浦区  Local:电信,ap-southeast-1.lightsail.aws.amazon.com
2021/02/17 0,116.230.177.246, Area:上海市杨浦区  Local:电信,d27xxe7juh1us6.cloudfront.net
2021/02/17 0,116.230.177.246, Area:上海市杨浦区  Local:电信,52.80.98.236
2021/02/17 0,116.230.177.246, Area:上海市杨浦区  Local:电信,phd.aws.amazon.com
